millis,stamp,datetime,motion
1000, 2272837585, 2165/165/165 165:165:85, Active
1999, 2272837585, 2165/165/165 165:165:85, Active
2999, 2272837585, 2165/165/165 165:165:85, Active
3999, 2272837585, 2165/165/165 165:165:85, Active
4999, 2272837585, 2165/165/165 165:165:85, Active
5999, 2272837585, 2165/165/165 165:165:85, Active
6999, 2272837585, 2165/165/165 165:165:85, Active
7999, 2272837585, 2165/165/165 165:165:85, Inactive
8999, 2272837585, 2165/165/165 165:165:85, Inactive
9999, 2272837585, 2165/165/165 165:165:85, Inactive
10999, 2272837585, 2165/165/165 165:165:85, Inactive
11999, 2272837585, 2165/165/165 165:165:85, Inactive
12999, 2272837585, 2165/165/165 165:165:85, Inactive
13999, 2272837585, 2165/165/165 165:165:85, Inactive
14999, 2272837585, 2165/165/165 165:165:85, Inactive
16000, 2272837585, 2165/165/165 165:165:85, Inactive
16999, 2272837585, 2165/165/165 165:165:85, Inactive
17999, 2272837585, 2165/165/165 165:165:85, Inactive
18999, 2272837585, 2165/165/165 165:165:85, Active
19999, 2272837585, 2165/165/165 165:165:85, Active
21000, 2272837585, 2165/165/165 165:165:85, Active
21998, 2272837585, 2165/165/165 165:165:85, Active
22999, 2272837585, 2165/165/165 165:165:85, Active
23999, 2272837585, 2165/165/165 165:165:85, Active
24999, 2272837585, 2165/165/165 165:165:85, Active
25999, 2272837585, 2165/165/165 165:165:85, Active
26999, 2272837585, 2165/165/165 165:165:85, Active
27999, 2272837585, 2165/165/165 165:165:85, Active
28999, 2272837585, 2165/165/165 165:165:85, Active
29999, 2272837585, 2165/165/165 165:165:85, Active
30999, 2272837585, 2165/165/165 165:165:85, Inactive
32000, 2272837585, 2165/165/165 165:165:85, Inactive
32999, 2272837585, 2165/165/165 165:165:85, Inactive
33999, 2272837585, 2165/165/165 165:165:85, Inactive
34999, 2272837585, 2165/165/165 165:165:85, Active
35999, 2272837585, 2165/165/165 165:165:85, Active
36999, 2272837585, 2165/165/165 165:165:85, Active
37999, 2272837585, 2165/165/165 165:165:85, Active
38999, 2272837585, 2165/165/165 165:165:85, Active
39999, 2272837585, 2165/165/165 165:165:85, Active
40999, 2272837585, 2165/165/165 165:165:85, Active
41998, 2272837585, 2165/165/165 165:165:85, Active
42999, 2272837585, 2165/165/165 165:165:85, Active
43999, 2272837585, 2165/165/165 165:165:85, Inactive
44999, 2272837585, 2165/165/165 165:165:85, Inactive
46000, 2272837585, 2165/165/165 165:165:85, Inactive
46999, 2272837585, 2165/165/165 165:165:85, Inactive
48000, 2272837585, 2165/165/165 165:165:85, Inactive
48999, 2272837585, 2165/165/165 165:165:85, Inactive
49999, 2272837585, 2165/165/165 165:165:85, Active
50999, 2272837585, 2165/165/165 165:165:85, Active
51999, 2272837585, 2165/165/165 165:165:85, Active
52999, 2272837585, 2165/165/165 165:165:85, Active
53999, 2272837585, 2165/165/165 165:165:85, Active
54999, 2272837585, 2165/165/165 165:165:85, Active
55999, 2272837585, 2165/165/165 165:165:85, Active
56999, 2272837585, 2165/165/165 165:165:85, Active
57999, 2272837585, 2165/165/165 165:165:85, Active
58999, 2272837585, 2165/165/165 165:165:85, Active
59999, 2272837585, 2165/165/165 165:165:85, Active
60999, 2272837585, 2165/165/165 165:165:85, Active
61999, 2272837585, 2165/165/165 165:165:85, Active
62999, 2272837585, 2165/165/165 165:165:85, Active
64000, 2272837585, 2165/165/165 165:165:85, Inactive
64999, 2272837585, 2165/165/165 165:165:85, Inactive
65999, 2272837585, 2165/165/165 165:165:85, Inactive
66999, 2272837585, 2165/165/165 165:165:85, Active
67999, 2272837585, 2165/165/165 165:165:85, Active
68999, 2272837585, 2165/165/165 165:165:85, Active
69999, 2272837585, 2165/165/165 165:165:85, Active
71000, 2272837585, 2165/165/165 165:165:85, Active
71999, 2272837585, 2165/165/165 165:165:85, Active
72999, 2272837585, 2165/165/165 165:165:85, Active
73999, 2272837585, 2165/165/165 165:165:85, Active
74999, 2272837585, 2165/165/165 165:165:85, Active
75999, 2272837585, 2165/165/165 165:165:85, Active
76999, 2272837585, 2165/165/165 165:165:85, Inactive
78000, 2272837585, 2165/165/165 165:165:85, Inactive
78999, 2272837585, 2165/165/165 165:165:85, Inactive
80000, 2272837585, 2165/165/165 165:165:85, Inactive
80999, 2272837585, 2165/165/165 165:165:85, Inactive
81999, 2272837585, 2165/165/165 165:165:85, Inactive
82999, 2272837585, 2165/165/165 165:165:85, Inactive
83999, 2272837585, 2165/165/165 165:165:85, Inactive
84999, 2272837585, 2165/165/165 165:165:85, Inactive
85999, 2272837585, 2165/165/165 165:165:85, Inactive
86999, 2272837585, 2165/165/165 165:165:85, Inactive
87999, 2272837585, 2165/165/165 165:165:85, Inactive
88998, 2272837585, 2165/165/165 165:165:85, Inactive
89999, 2272837585, 2165/165/165 165:165:85, Inactive
90999, 2272837585, 2165/165/165 165:165:85, Inactive
91999, 2272837585, 2165/165/165 165:165:85, Inactive
92999, 2272837585, 2165/165/165 165:165:85, Inactive
93999, 2272837585, 2165/165/165 165:165:85, Inactive
94999, 2272837585, 2165/165/165 165:165:85, Inactive
96000, 2272837585, 2165/165/165 165:165:85, Inactive
96999, 2272837585, 2165/165/165 165:165:85, Inactive
97999, 2272837585, 2165/165/165 165:165:85, Inactive
98999, 2272837585, 2165/165/165 165:165:85, Active
99999, 2272837585, 2165/165/165 165:165:85, Active
100999, 2272837585, 2165/165/165 165:165:85, Active
101999, 2272837585, 2165/165/165 165:165:85, Active
102999, 2272837585, 2165/165/165 165:165:85, Active
103999, 2272837585, 2165/165/165 165:165:85, Active
104999, 2272837585, 2165/165/165 165:165:85, Active
105999, 2272837585, 2165/165/165 165:165:85, Active
106999, 2272837585, 2165/165/165 165:165:85, Active
107999, 2272837585, 2165/165/165 165:165:85, Active
108999, 2272837585, 2165/165/165 165:165:85, Active
109999, 2272837585, 2165/165/165 165:165:85, Active
110999, 2272837585, 2165/165/165 165:165:85, Active
112000, 2272837585, 2165/165/165 165:165:85, Active
112999, 2272837585, 2165/165/165 165:165:85, Active
113999, 2272837585, 2165/165/165 165:165:85, Active
114999, 2272837585, 2165/165/165 165:165:85, Active
115999, 2272837585, 2165/165/165 165:165:85, Active
116999, 2272837585, 2165/165/165 165:165:85, Active
117999, 2272837585, 2165/165/165 165:165:85, Active
118999, 2272837585, 2165/165/165 165:165:85, Active
119999, 2272837585, 2165/165/165 165:165:85, Inactive
120999, 2272837585, 2165/165/165 165:165:85, Inactive
121999, 2272837585, 2165/165/165 165:165:85, Inactive
122999, 2272837585, 2165/165/165 165:165:85, Inactive
123999, 2272837585, 2165/165/165 165:165:85, Inactive
124999, 2272837585, 2165/165/165 165:165:85, Inactive
125999, 2272837585, 2165/165/165 165:165:85, Inactive
126999, 2272837585, 2165/165/165 165:165:85, Inactive
127998, 2272837585, 2165/165/165 165:165:85, Inactive
128999, 2272837585, 2165/165/165 165:165:85, Inactive
129999, 2272837585, 2165/165/165 165:165:85, Inactive
130999, 2272837585, 2165/165/165 165:165:85, Active
131999, 2272837585, 2165/165/165 165:165:85, Active
132999, 2272837585, 2165/165/165 165:165:85, Active
133999, 2272837585, 2165/165/165 165:165:85, Active
134999, 2272837585, 2165/165/165 165:165:85, Active
135999, 2272837585, 2165/165/165 165:165:85, Active
136998, 2272837585, 2165/165/165 165:165:85, Active
137998, 2272837585, 2165/165/165 165:165:85, Active
138999, 2272837585, 2165/165/165 165:165:85, Active
139999, 2272837585, 2165/165/165 165:165:85, Active
140999, 2272837585, 2165/165/165 165:165:85, Active
142000, 2272837585, 2165/165/165 165:165:85, Active
142999, 2272837585, 2165/165/165 165:165:85, Active
144000, 2272837585, 2165/165/165 165:165:85, Active
144999, 2272837585, 2165/165/165 165:165:85, Inactive
145999, 2272837585, 2165/165/165 165:165:85, Inactive
146998, 2272837585, 2165/165/165 165:165:85, Inactive
147999, 2272837585, 2165/165/165 165:165:85, Inactive
148999, 2272837585, 2165/165/165 165:165:85, Active
149999, 2272837585, 2165/165/165 165:165:85, Active
150999, 2272837585, 2165/165/165 165:165:85, Active
151999, 2272837585, 2165/165/165 165:165:85, Active
152999, 2272837585, 2165/165/165 165:165:85, Active
153999, 2272837585, 2165/165/165 165:165:85, Active
154999, 2272837585, 2165/165/165 165:165:85, Active
155999, 2272837585, 2165/165/165 165:165:85, Active
156999, 2272837585, 2165/165/165 165:165:85, Active
157999, 2272837585, 2165/165/165 165:165:85, Inactive
158999, 2272837585, 2165/165/165 165:165:85, Inactive
160000, 2272837585, 2165/165/165 165:165:85, Inactive
160999, 2272837585, 2165/165/165 165:165:85, Inactive
161999, 2272837585, 2165/165/165 165:165:85, Inactive
162999, 2272837585, 2165/165/165 165:165:85, Inactive
163999, 2272837585, 2165/165/165 165:165:85, Active
164999, 2272837585, 2165/165/165 165:165:85, Active
165999, 2272837585, 2165/165/165 165:165:85, Active
167000, 2272837585, 2165/165/165 165:165:85, Active
167999, 2272837585, 2165/165/165 165:165:85, Active
168999, 2272837585, 2165/165/165 165:165:85, Active
169999, 2272837585, 2165/165/165 165:165:85, Active
170999, 2272837585, 2165/165/165 165:165:85, Active
171999, 2272837585, 2165/165/165 165:165:85, Active
172999, 2272837585, 2165/165/165 165:165:85, Active
173999, 2272837585, 2165/165/165 165:165:85, Active
174999, 2272837585, 2165/165/165 165:165:85, Active
176000, 2272837585, 2165/165/165 165:165:85, Active
176999, 2272837585, 2165/165/165 165:165:85, Active
177999, 2272837585, 2165/165/165 165:165:85, Active
178999, 2272837585, 2165/165/165 165:165:85, Active
179999, 2272837585, 2165/165/165 165:165:85, Active
180999, 2272837585, 2165/165/165 165:165:85, Active
181999, 2272837585, 2165/165/165 165:165:85, Active
182999, 2272837585, 2165/165/165 165:165:85, Active
183999, 2272837585, 2165/165/165 165:165:85, Active
184999, 2272837585, 2165/165/165 165:165:85, Active
185999, 2272837585, 2165/165/165 165:165:85, Active
186999, 2272837585, 2165/165/165 165:165:85, Active
187999, 2272837585, 2165/165/165 165:165:85, Active
188999, 2272837585, 2165/165/165 165:165:85, Active
190000, 2272837585, 2165/165/165 165:165:85, Active
190999, 2272837585, 2165/165/165 165:165:85, Active
192000, 2272837585, 2165/165/165 165:165:85, Active
192999, 2272837585, 2165/165/165 165:165:85, Active
193999, 2272837585, 2165/165/165 165:165:85, Active
194999, 2272837585, 2165/165/165 165:165:85, Active
195999, 2272837585, 2165/165/165 165:165:85, Active
196999, 2272837585, 2165/165/165 165:165:85, Active
197999, 2272837585, 2165/165/165 165:165:85, Active
198999, 2272837585, 2165/165/165 165:165:85, Active
199999, 2272837585, 2165/165/165 165:165:85, Active
200999, 2272837585, 2165/165/165 165:165:85, Active
201999, 2272837585, 2165/165/165 165:165:85, Active
202999, 2272837585, 2165/165/165 165:165:85, Active
203999, 2272837585, 2165/165/165 165:165:85, Active
204999, 2272837585, 2165/165/165 165:165:85, Active
205999, 2272837585, 2165/165/165 165:165:85, Active
206999, 2272837585, 2165/165/165 165:165:85, Active
208000, 2272837585, 2165/165/165 165:165:85, Active
208999, 2272837585, 2165/165/165 165:165:85, Active
209999, 2272837585, 2165/165/165 165:165:85, Active
210999, 2272837585, 2165/165/165 165:165:85, Active
211999, 2272837585, 2165/165/165 165:165:85, Active
212999, 2272837585, 2165/165/165 165:165:85, Active
213999, 2272837585, 2165/165/165 165:165:85, Active
214999, 2272837585, 2165/165/165 165:165:85, Active
215999, 2272837585, 2165/165/165 165:165:85, Active
216999, 2272837585, 2165/165/165 165:165:85, Active
217999, 2272837585, 2165/165/165 165:165:85, Active
218999, 2272837585, 2165/165/165 165:165:85, Active
219999, 2272837585, 2165/165/165 165:165:85, Active
220999, 2272837585, 2165/165/165 165:165:85, Active
221999, 2272837585, 2165/165/165 165:165:85, Active
222999, 2272837585, 2165/165/165 165:165:85, Active
224000, 2272837585, 2165/165/165 165:165:85, Active
224999, 2272837585, 2165/165/165 165:165:85, Active
225999, 2272837585, 2165/165/165 165:165:85, Active
226999, 2272837585, 2165/165/165 165:165:85, Active
227999, 2272837585, 2165/165/165 165:165:85, Active
228999, 2272837585, 2165/165/165 165:165:85, Active
229999, 2272837585, 2165/165/165 165:165:85, Active
230999, 2272837585, 2165/165/165 165:165:85, Active
231999, 2272837585, 2165/165/165 165:165:85, Active
232999, 2272837585, 2165/165/165 165:165:85, Active
233999, 2272837585, 2165/165/165 165:165:85, Active
234999, 2272837585, 2165/165/165 165:165:85, Active
235999, 2272837585, 2165/165/165 165:165:85, Active
236999, 2272837585, 2165/165/165 165:165:85, Active
237999, 2272837585, 2165/165/165 165:165:85, Active
238999, 2272837585, 2165/165/165 165:165:85, Active
240000, 2272837585, 2165/165/165 165:165:85, Active
240999, 2272837585, 2165/165/165 165:165:85, Active
241999, 2272837585, 2165/165/165 165:165:85, Active
242999, 2272837585, 2165/165/165 165:165:85, Active
243999, 2272837585, 2165/165/165 165:165:85, Active
244999, 2272837585, 2165/165/165 165:165:85, Active
245999, 2272837585, 2165/165/165 165:165:85, Active
246999, 2272837585, 2165/165/165 165:165:85, Active
247999, 2272837585, 2165/165/165 165:165:85, Active
248999, 2272837585, 2165/165/165 165:165:85, Inactive
249999, 2272837585, 2165/165/165 165:165:85, Inactive
250998, 2272837585, 2165/165/165 165:165:85, Inactive
251999, 2272837585, 2165/165/165 165:165:85, Active
252999, 2272837585, 2165/165/165 165:165:85, Active
253999, 2272837585, 2165/165/165 165:165:85, Active
254999, 2272837585, 2165/165/165 165:165:85, Active
256000, 2272837585, 2165/165/165 165:165:85, Active
256999, 2272837585, 2165/165/165 165:165:85, Active
257999, 2272837585, 2165/165/165 165:165:85, Active
258999, 2272837585, 2165/165/165 165:165:85, Active
259999, 2272837585, 2165/165/165 165:165:85, Active
260999, 2272837585, 2165/165/165 165:165:85, Active
261999, 2272837585, 2165/165/165 165:165:85, Active
262999, 2272837585, 2165/165/165 165:165:85, Active
263999, 2272837585, 2165/165/165 165:165:85, Active
264999, 2272837585, 2165/165/165 165:165:85, Active
265999, 2272837585, 2165/165/165 165:165:85, Active
266999, 2272837585, 2165/165/165 165:165:85, Active
267999, 2272837585, 2165/165/165 165:165:85, Active
268999, 2272837585, 2165/165/165 165:165:85, Active
269999, 2272837585, 2165/165/165 165:165:85, Active
270999, 2272837585, 2165/165/165 165:165:85, Active
272000, 2272837585, 2165/165/165 165:165:85, Inactive
272999, 2272837585, 2165/165/165 165:165:85, Inactive
273999, 2272837585, 2165/165/165 165:165:85, Inactive
274999, 2272837585, 2165/165/165 165:165:85, Inactive
275999, 2272837585, 2165/165/165 165:165:85, Inactive
276999, 2272837585, 2165/165/165 165:165:85, Inactive
277999, 2272837585, 2165/165/165 165:165:85, Inactive
278999, 2272837585, 2165/165/165 165:165:85, Inactive
279999, 2272837585, 2165/165/165 165:165:85, Inactive
280999, 2272837585, 2165/165/165 165:165:85, Inactive
281999, 2272837585, 2165/165/165 165:165:85, Inactive
282999, 2272837585, 2165/165/165 165:165:85, Inactive
283999, 2272837585, 2165/165/165 165:165:85, Inactive
284999, 2272837585, 2165/165/165 165:165:85, Inactive
286000, 2272837585, 2165/165/165 165:165:85, Inactive
286999, 2272837585, 2165/165/165 165:165:85, Inactive
288000, 2272837585, 2165/165/165 165:165:85, Inactive
288999, 2272837585, 2165/165/165 165:165:85, Inactive
289999, 2272837585, 2165/165/165 165:165:85, Inactive
290998, 2272837585, 2165/165/165 165:165:85, Inactive
291999, 2272837585, 2165/165/165 165:165:85, Inactive
292999, 2272837585, 2165/165/165 165:165:85, Inactive
293999, 2272837585, 2165/165/165 165:165:85, Inactive
294999, 2272837585, 2165/165/165 165:165:85, Active
295999, 2272837585, 2165/165/165 165:165:85, Active
296999, 2272837585, 2165/165/165 165:165:85, Active
297999, 2272837585, 2165/165/165 165:165:85, Active
298999, 2272837585, 2165/165/165 165:165:85, Active
299999, 2272837585, 2165/165/165 165:165:85, Active
300999, 2272837585, 2165/165/165 165:165:85, Active
301999, 2272837585, 2165/165/165 165:165:85, Active
302999, 2272837585, 2165/165/165 165:165:85, Active
304000, 2272837585, 2165/165/165 165:165:85, Active
304999, 2272837585, 2165/165/165 165:165:85, Active
305999, 2272837585, 2165/165/165 165:165:85, Inactive
306999, 2272837585, 2165/165/165 165:165:85, Inactive
307999, 2272837585, 2165/165/165 165:165:85, Inactive
308999, 2272837585, 2165/165/165 165:165:85, Inactive
309999, 2272837585, 2165/165/165 165:165:85, Active
311000, 2272837585, 2165/165/165 165:165:85, Active
311999, 2272837585, 2165/165/165 165:165:85, Active
312999, 2272837585, 2165/165/165 165:165:85, Active
313999, 2272837585, 2165/165/165 165:165:85, Active
314999, 2272837585, 2165/165/165 165:165:85, Active
315999, 2272837585, 2165/165/165 165:165:85, Active
316999, 2272837585, 2165/165/165 165:165:85, Active
317999, 2272837585, 2165/165/165 165:165:85, Active
318999, 2272837585, 2165/165/165 165:165:85, Active
320000, 2272837585, 2165/165/165 165:165:85, Inactive
320999, 2272837585, 2165/165/165 165:165:85, Inactive
321999, 2272837585, 2165/165/165 165:165:85, Inactive
322999, 2272837585, 2165/165/165 165:165:85, Inactive
323999, 2272837585, 2165/165/165 165:165:85, Inactive
324999, 2272837585, 2165/165/165 165:165:85, Inactive
325999, 2272837585, 2165/165/165 165:165:85, Inactive
326999, 2272837585, 2165/165/165 165:165:85, Inactive
327999, 2272837585, 2165/165/165 165:165:85, Inactive
328998, 2272837585, 2165/165/165 165:165:85, Inactive
329998, 2272837585, 2165/165/165 165:165:85, Inactive
330999, 2272837585, 2165/165/165 165:165:85, Inactive
331999, 2272837585, 2165/165/165 165:165:85, Inactive
332999, 2272837585, 2165/165/165 165:165:85, Inactive
334000, 2272837585, 2165/165/165 165:165:85, Inactive
334999, 2272837585, 2165/165/165 165:165:85, Inactive
336000, 2272837585, 2165/165/165 165:165:85, Inactive
336999, 2272837585, 2165/165/165 165:165:85, Inactive
337999, 2272837585, 2165/165/165 165:165:85, Active
338999, 2272837585, 2165/165/165 165:165:85, Active
339999, 2272837585, 2165/165/165 165:165:85, Active
340999, 2272837585, 2165/165/165 165:165:85, Active
341999, 2272837585, 2165/165/165 165:165:85, Active
342999, 2272837585, 2165/165/165 165:165:85, Active
343999, 2272837585, 2165/165/165 165:165:85, Active
344999, 2272837585, 2165/165/165 165:165:85, Active
345999, 2272837585, 2165/165/165 165:165:85, Inactive
346999, 2272837585, 2165/165/165 165:165:85, Inactive
347999, 2272837585, 2165/165/165 165:165:85, Inactive
348999, 2272837585, 2165/165/165 165:165:85, Inactive
349999, 2272837585, 2165/165/165 165:165:85, Inactive
350999, 2272837585, 2165/165/165 165:165:85, Active
352000, 2272837585, 2165/165/165 165:165:85, Active
352999, 2272837585, 2165/165/165 165:165:85, Active
353999, 2272837585, 2165/165/165 165:165:85, Active
354999, 2272837585, 2165/165/165 165:165:85, Active
355999, 2272837585, 2165/165/165 165:165:85, Active
357000, 2272837585, 2165/165/165 165:165:85, Active
357999, 2272837585, 2165/165/165 165:165:85, Active
358999, 2272837585, 2165/165/165 165:165:85, Active
359999, 2272837585, 2165/165/165 165:165:85, Active
360999, 2272837585, 2165/165/165 165:165:85, Active
361999, 2272837585, 2165/165/165 165:165:85, Inactive
362999, 2272837585, 2165/165/165 165:165:85, Inactive
363999, 2272837585, 2165/165/165 165:165:85, Inactive
364999, 2272837585, 2165/165/165 165:165:85, Inactive
366000, 2272837585, 2165/165/165 165:165:85, Inactive
366999, 2272837585, 2165/165/165 165:165:85, Inactive
368000, 2272837585, 2165/165/165 165:165:85, Inactive
368999, 2272837585, 2165/165/165 165:165:85, Active
369999, 2272837585, 2165/165/165 165:165:85, Active
370999, 2272837585, 2165/165/165 165:165:85, Active
371999, 2272837585, 2165/165/165 165:165:85, Active
372999, 2272837585, 2165/165/165 165:165:85, Active
373999, 2272837585, 2165/165/165 165:165:85, Active
374999, 2272837585, 2165/165/165 165:165:85, Active
375999, 2272837585, 2165/165/165 165:165:85, Inactive
376999, 2272837585, 2165/165/165 165:165:85, Inactive
377999, 2272837585, 2165/165/165 165:165:85, Inactive
378998, 2272837585, 2165/165/165 165:165:85, Inactive
379999, 2272837585, 2165/165/165 165:165:85, Inactive
380999, 2272837585, 2165/165/165 165:165:85, Inactive
381999, 2272837585, 2165/165/165 165:165:85, Inactive
382999, 2272837585, 2165/165/165 165:165:85, Inactive
383998, 2272837585, 2165/165/165 165:165:85, Inactive
384998, 2272837585, 2165/165/165 165:165:85, Inactive
385999, 2272837585, 2165/165/165 165:165:85, Inactive
386999, 2272837585, 2165/165/165 165:165:85, Inactive
387999, 2272837585, 2165/165/165 165:165:85, Inactive
388999, 2272837585, 2165/165/165 165:165:85, Inactive
389999, 2272837585, 2165/165/165 165:165:85, Inactive
390999, 2272837585, 2165/165/165 165:165:85, Inactive
391999, 2272837585, 2165/165/165 165:165:85, Active
392999, 2272837585, 2165/165/165 165:165:85, Active
393999, 2272837585, 2165/165/165 165:165:85, Active
394999, 2272837585, 2165/165/165 165:165:85, Active
395999, 2272837585, 2165/165/165 165:165:85, Active
396999, 2272837585, 2165/165/165 165:165:85, Active
397999, 2272837585, 2165/165/165 165:165:85, Active
398999, 2272837585, 2165/165/165 165:165:85, Active
400000, 2272837585, 2165/165/165 165:165:85, Active
400999, 2272837585, 2165/165/165 165:165:85, Active
401999, 2272837585, 2165/165/165 165:165:85, Active
402999, 2272837585, 2165/165/165 165:165:85, Active
403999, 2272837585, 2165/165/165 165:165:85, Active
404999, 2272837585, 2165/165/165 165:165:85, Active
405999, 2272837585, 2165/165/165 165:165:85, Active
407000, 2272837585, 2165/165/165 165:165:85, Active
407999, 2272837585, 2165/165/165 165:165:85, Active
408999, 2272837585, 2165/165/165 165:165:85, Active
409999, 2272837585, 2165/165/165 165:165:85, Active
410999, 2272837585, 2165/165/165 165:165:85, Active
411999, 2272837585, 2165/165/165 165:165:85, Active
412999, 2272837585, 2165/165/165 165:165:85, Active
414000, 2272837585, 2165/165/165 165:165:85, Active
414999, 2272837585, 2165/165/165 165:165:85, Active
416000, 2272837585, 2165/165/165 165:165:85, Active
416999, 2272837585, 2165/165/165 165:165:85, Active
417999, 2272837585, 2165/165/165 165:165:85, Active
